Stretch,Stress_P11
1,0
1.5,0.355522287
1,0
2,0.568279251
1,0
1.75,0.453802001
2.5,0.732773981
1.75,0.413006961
1,0
2,0.518020332
3,0.875501964
2,0.461561139
1,0
1.833333333,0.399472845
2.666666667,0.724379255
3.5,1.012294281
2.666666667,0.634599692
1.833333333,0.35256335
1,0
2,0.406391041
3,0.768972974
4,1.159736992
3,0.663612424
2,0.359187422
1,0
1.875,0.324720108
2.75,0.577325941
3.625,0.938037734
4.5,1.338883094
3.625,0.795277542
2.75,0.503568907
1.875,0.294350524
1,0
2,0.324049545
3,0.572503195
4,0.984615384
5,1.577084486
4,0.820816853
3,0.505056183
2,0.301743374
1,0
1.9,0.280710039
2.8,0.461771467
3.7,0.699981287
4.6,1.188689548
5.5,1.909244951
4.6,0.96407506
3.7,0.60808232
2.8,0.429592351
1.9,0.270622363
1,0
2,0.290159398
3,0.464054764
4,0.694172109
5,1.272558315
6,2.378863346
5,1.010306329
4,0.618888126
3,0.44502117
2,0.285582914
1,0
1.916666667,0.269899329
2.833333333,0.420196443
3.75,0.567227413
4.666666667,0.828840609
5.583333333,1.595542223
6.5,3.038991025
5.583333333,1.219285269
4.666666667,0.73724732
3.75,0.546822559
2.833333333,0.415574772
1.916666667,0.268822202
1,0
2,0.28435069
3,0.438983938
4,0.588151627
5,0.85368251
6,1.75579966
7,3.953150704
